tema,redacao,resultado_ia
A greve dos caminhoneiros e a malha ferroviária,"A grande importância dos caminhoneiros para o país foi perceptível por todos durante a greve, que recebeu o apoio de 87% dos brasileiros, de acordo com uma pesquisa DataFolha . Porém, existem alternativas mais inteligentes e sustentáveis que o transporte rodoviário de mercadorias, como por exemplo o transporte por malhas ferroviárias.

A escassez de alimento e de combustíveis em todo o país foram apontados como consequência da falta de transporte dessas mercadorias por conta da paralisação dos caminhoneiros. Porém, essa escassez só ocorreu devido ao desespero das pessoas que acabaram comprando quantidades exageradas de alimento, sendo necessário que as redes de supermercado limitassem a quantidade de produtos por pessoa que poderia ser comprado. No caso dos combustíveis, muitos optaram por garantir o abastecimento dos seus automóveis se submetendo a pagar valores altos para isso.

Por outro lado, a minoria das pessoas não se entregou para os problemas enfrentados pela greve e optaram por formas mais sustentáveis de se locomover, fazendo uso de transporte público, bicicletas ou caminhando. O transporte rodoviário de mercadorias é um sistema atrasado e caro, fazendo com que os impostos cobrados sejam elevados. No Brasil, temos uma malha ferroviária que foi esquecida pelo governo federal e empresas privadas, seu funcionamento foi interrompido na década de 50, fazendo, então, com que essa ferrovia se encontre em situações precárias atualmente.

Após o fim da greve, o presidente da república Michel Temer anunciou que verbas públicas para a educação e saúde serão cortadas para cobrir a diminuição do preço do diesel (o valor alto do diesel foi o principal motivador da greve) . Porém, não seria mais inteligente se o presidente investisse novamente no transporte por ferrovias? A malha ferroviária possui baixo custo de frete, baixa taxa de poluição ambiental, baixo custo de manutenção, isenção de pedágios e o transporte ocorre de forma mais rápida e segura. Com isso, o governo teria um maior retorno monetário e a população pagaria menos impostos pelos produtos, fazendo assim com que fosse desnecessário prejudicar ainda mais o investimento em educação e saúde pública brasileira.","{""analise_geral"": ""A redação aborda o tema de forma pertinente, destacando a dependência do transporte rodoviário e propondo o investimento na malha ferroviária como solução. A tese é clara e a proposta de intervenção é bem elaborada e detalhada. Contudo, o desenvolvimento argumentativo apresenta algumas inconsistências e imprecisões factuais, além de pequenos deslizes na norma padrão da língua portuguesa."", ""pontos_fortes"": [""Clareza na tese e na proposta de intervenção."", ""Uso de repertório sociocultural (pesquisa DataFolha) para contextualizar o problema."", ""Argumentação consistente na defesa do transporte ferroviário como alternativa mais eficiente e sustentável."", ""Proposta de intervenção completa e detalhada, com agente, ação, meio e efeito bem definidos.""], ""sugestoes_de_melhora"": [{""trecho_original"": ""A escassez de alimento e de combustíveis em todo o país foram apontados como consequência da falta de transporte dessas mercadorias por conta da paralisação dos caminhoneiros."", ""sugestao"": ""A escassez de alimento e de combustíveis em todo o país foi apontada como consequência da falta de transporte dessas mercadorias por conta da paralisação dos caminhoneiros."", ""explicacao"": ""Correção da concordância verbal. O sujeito 'escassez' é singular, portanto o verbo 'ser' deve estar no singular ('foi apontada').""}, {""trecho_original"": ""Porém, essa escassez só ocorreu devido ao desespero das pessoas que acabaram comprando quantidades exageradas de alimento, sendo necessário que as redes de supermercado limitassem a quantidade de produtos por pessoa que poderia ser comprado."", ""sugestao"": ""No entanto, essa escassez foi agravada pelo desespero das pessoas, que acabaram comprando quantidades exageradas de alimento, levando as redes de supermercado a limitar a quantidade de produtos por pessoa."", ""explicacao"": ""Aprimora a fluidez da frase e a precisão da argumentação. A escassez ocorreu pela falta de transporte; o desespero agravou a situação. A construção 'que poderia ser comprado' é substituída por uma forma mais concisa e direta.""}, {""trecho_original"": ""No Brasil, temos uma malha ferroviária que foi esquecida pelo governo federal e empresas privadas, seu funcionamento foi interrompido na década de 50, fazendo, então, com que essa ferrovia se encontre em situações precárias atualmente."", ""sugestao"": ""No Brasil, possuímos uma malha ferroviária subutilizada e negligenciada pelo governo federal e empresas privadas. Embora parte de sua expansão tenha sido descontinuada em meados do século XX, muitas de suas linhas se encontram em situações precárias atualmente."", ""explicacao"": ""Corrige a imprecisão factual. O funcionamento da malha ferroviária não foi interrompido por completo na década de 50, mas sim houve uma despriorização e desinvestimento que levou à sua subutilização e precariedade. A sugestão oferece uma formulação mais precisa e formal.""}, {""trecho_original"": ""Porém, não seria mais inteligente se o presidente investisse novamente no transporte por ferrovias?"", ""sugestao"": ""Seria, portanto, mais inteligente que o presidente investisse novamente no transporte por ferrovias."", ""explicacao"": ""Transforma a pergunta retórica em uma afirmação direta, que é mais adequada para o tom de um texto dissertativo-argumentativo.""}, {""trecho_original"": ""fazendo assim com que fosse desnecessário prejudicar ainda mais o investimento em educação e saúde pública brasileira."", ""sugestao"": ""tornando, assim, desnecessário prejudicar ainda mais o investimento em educação e saúde pública brasileira."", ""explicacao"": ""Substitui a construção 'fazendo com que fosse' por 'tornando', que é mais concisa e formal.""}], ""avaliacoes_competencias"": [{""competencia"": ""Competencia 1 (Demonstrar domínio da modalidade escrita formal da língua portuguesa)"", ""pontuacao"": 160, ""justificativa"": ""O texto apresenta bom domínio da norma padrão, com vocabulário adequado e estrutura frasal geralmente correta. Contudo, há algumas falhas pontuais de concordância verbal e nominal, além de construções que poderiam ser mais concisas e formais.""}, {""competencia"": ""Competencia 2 (Compreender o tema e aplicar conceitos das várias áreas do conhecimento para desenvolver o tema)"", ""pontuacao"": 160, ""justificativa"": ""O tema foi compreendido e abordado de forma pertinente, utilizando repertório sociocultural (pesquisa DataFolha) e discutindo as consequências da greve e a alternativa ferroviária. No entanto, a argumentação sobre a escassez no segundo parágrafo e a imprecisão histórica sobre a malha ferroviária no terceiro parágrafo afetam ligeiramente a completude e a precisão do desenvolvimento temático.""}, {""competencia"": ""Competencia 3 (Selecionar, relacionar, organizar e interpretar informações, fatos, opiniões e argumentos em defesa de um ponto de vista)"", ""pontuacao"": 120, ""justificativa"": ""O projeto de texto é claro, com tese e proposta de intervenção bem definidas. Contudo, o desenvolvimento dos argumentos no segundo e terceiro parágrafos apresenta algumas inconsistências e desvios de foco (como a menção ao transporte individual ou a explicação da escassez), o que compromete a progressão argumentativa e a defesa do ponto de vista de forma totalmente estratégica.""}, {""competencia"": ""Competencia 4 (Demonstrar conhecimento dos mecanismos linguísticos necessários para a construção da argumentação)"", ""pontuacao"": 120, ""justificativa"": ""O texto utiliza conectivos e elementos coesivos de forma regular, garantindo a articulação entre as partes. No entanto, a coerência é prejudicada em alguns momentos pela falta de clareza ou pela tangencialidade de certos argumentos, o que afeta a fluidez e a progressão das ideias.""}, {""competencia"": ""Competencia 5 (Elaborar proposta de intervenção para o problema abordado, respeitando os direitos humanos)"", ""pontuacao"": 200, ""justificativa"": ""A proposta de intervenção é excelente, apresentando todos os elementos necessários: agente (presidente/governo), ação (investir nas ferrovias), meio/modo (verbas públicas), finalidade (baixo custo, menos poluição, maior retorno monetário, menos impostos, evitar cortes na educação/saúde) e detalhamento.""}], ""nota_estimada"": 760.0}"
"Vossa excelência  Senador M. M.,","O senhor e eu já estamos cientes do projeto de lei que é favorável à remoção do rótulo dos produtos com componentes geneticamente modificados, os transgênicos.

É sabido que os alimentos transgênicos trazem grandes melhorias, tanto para o solo, pois podem ser produzidos em maior quantidade ocupando um espaço de terra menor que as grandes produções atuais e, quanto a sua produção, que não necessita do uso exagerado de agrotóxico e suas sementes são resistentes à praga. Porém, estes produtos podem levar ao excessivo uso de agrotóxico nas plantações, pois as ervas daninhas e os herbívoros tendem a se tornar mais resistentes, o que levaria a um desequilíbrio ecológico. Além disso, pode aumentar resíduos de agrotóxicos nos alimentos.

Pois bem, a meu ver este Projeto de Lei não deverá ser aprovado, pois o rótulo é essencial para que os consumidores saibam que estão consumindo produtos geneticamente modificados. Caso seja aprovado, mesmo que ainda contenha identificação de forma escrita na embalagem prejudicará o consumidor que já está acostumado com o T de alerta no produto e que, devido à pressa do dia a dia não tem tempo para ler o rótulo de todas as mercadorias que está comprando.

Assim, Excelentíssimo Senhor, sugiro que o senhor leve em consideração o que lhe relatei, pois a aprovação desse projeto traria alguns transtornos aos consumidores que não utilizam esses tipos de produtos.

Respeitosamente,

A. P. H. S.","{""analise_geral"": ""A redação apresenta-se como uma carta formal direcionada a um senador, o que se alinha ao tema proposto. O texto demonstra clareza na exposição do ponto de vista e uma estrutura organizada. Contudo, a argumentação carece de aprofundamento e de um repertório sociocultural mais diversificado, características essenciais para uma alta pontuação no ENEM. Embora a linguagem seja adequada ao gênero, a superficialidade dos argumentos e a ausência de dados concretos limitam o potencial da redação."", ""pontos_fortes"": [""Clareza na exposição do ponto de vista contrário à aprovação do Projeto de Lei."", ""Estrutura de carta formal bem aplicada, com saudação, desenvolvimento e despedida adequados."", ""Uso de linguagem formal e respeitosa, apropriada ao interlocutor (Senador)."", ""Boa articulação entre os parágrafos, garantindo a coesão textual.""], ""sugestoes_de_melhora"": [{""trecho_original"": ""O senhor e eu já estamos cientes do projeto de lei que é favorável à remoção do rótulo dos produtos com componentes geneticamente modificados, os transgênicos."", ""sugestao"": ""Excelentíssimo Senhor Senador, dirijo-me a Vossa Excelência para expressar minha preocupação e posicionamento acerca do projeto de lei que propõe a remoção do rótulo de identificação dos produtos com componentes geneticamente modificados, os transgênicos."", ""explicacao"": ""Abertura mais formal e direta, estabelecendo o propósito da carta de forma mais explícita e respeitosa, como convém a uma comunicação com uma autoridade.""}, {""trecho_original"": ""É sabido que os alimentos transgênicos trazem grandes melhorias, tanto para o solo, pois podem ser produzidos em maior quantidade ocupando um espaço de terra menor que as grandes produções atuais e, quanto a sua produção, que não necessita do uso exagerado de agrotóxico e suas sementes são resistentes à praga. Porém, estes produtos podem levar ao excessivo uso de agrotóxico nas plantações, pois as ervas daninhas e os herbívoros tendem a se tornar mais resistentes, o que levaria a um desequilíbrio ecológico. Além disso, pode aumentar resíduos de agrotóxicos nos alimentos."", ""sugestao"": ""Embora seja reconhecido que os alimentos transgênicos podem oferecer benefícios, como o aumento da produtividade em menor área e a resistência inicial a pragas, é crucial considerar os riscos a longo prazo. A adaptação de ervas daninhas e herbívoros pode, paradoxalmente, intensificar a necessidade de agrotóxicos, gerando um desequilíbrio ecológico e elevando os resíduos químicos nos alimentos, conforme alertam diversos estudos científicos."", ""explicacao"": ""Aprofundar a argumentação, mencionando a complexidade da questão e a necessidade de considerar estudos científicos, o que enriquece o repertório e a credibilidade do argumento.""}, {""trecho_original"": ""Pois bem, a meu ver este Projeto de Lei não deverá ser aprovado, pois o rótulo é essencial para que os consumidores saibam que estão consumindo produtos geneticamente modificados. Caso seja aprovado, mesmo que ainda contenha identificação de forma escrita na embalagem prejudicará o consumidor que já está acostumado com o T de alerta no produto e que, devido à pressa do dia a dia não tem tempo para ler o rótulo de todas as mercadorias que está comprando."", ""sugestao"": ""Diante disso, defendo veementemente que este Projeto de Lei não seja aprovado. O rótulo com o símbolo de transgênico é uma ferramenta indispensável para a autonomia e o direito à informação do consumidor. A simples menção escrita, sem o destaque visual já consolidado, seria insuficiente, especialmente considerando a rotina acelerada que impede a leitura detalhada de cada embalagem."", ""explicacao"": ""Reforçar a tese com termos mais incisivos e conectar o argumento ao direito do consumidor à informação e autonomia, elevando o nível da discussão.""}, {""trecho_original"": ""Assim, Excelentíssimo Senhor, sugiro que o senhor leve em consideração o que lhe relatei, pois a aprovação desse projeto traria alguns transtornos aos consumidores que não utilizam esses tipos de produtos."", ""sugestao"": ""Portanto, Excelentíssimo Senhor Senador, solicito que Vossa Excelência pondere cuidadosamente os argumentos apresentados e considere os impactos negativos que a aprovação deste projeto de lei traria à saúde pública e ao direito de escolha dos cidadãos. A manutenção do rótulo é um imperativo para a transparência e a segurança alimentar."", ""explicacao"": ""Concluir com uma solicitação mais forte e abrangente, destacando os impactos na saúde pública e na segurança alimentar, o que confere maior relevância à proposta.""}], ""avaliacoes_competencias"": [{""competencia"": ""Competência 1: Domínio da norma padrão da língua escrita."", ""pontuacao"": 160, ""justificativa"": ""Apresenta bom domínio da norma padrão, com poucos desvios gramaticais ou de pontuação. A linguagem é formal e adequada ao gênero textual (carta).""}, {""competencia"": ""Competência 2: Compreensão da proposta de redação e aplicação de conceitos das várias áreas do conhecimento para desenvolver o tema."", ""pontuacao"": 120, ""justificativa"": ""Compreende a proposta de escrever uma carta ao senador sobre o tema. No entanto, o repertório sociocultural é limitado, baseando-se em senso comum sobre transgênicos e não explorando dados ou referências mais aprofundadas. A estrutura de carta, embora bem executada, não é a dissertativo-argumentativa esperada no ENEM.""}, {""competencia"": ""Competência 3: Seleção, relação, organização e interpretação de informações, fatos, opiniões e argumentos em defesa de um ponto de vista."", ""pontuacao"": 120, ""justificativa"": ""Apresenta um ponto de vista claro e argumentos para defendê-lo (direito do consumidor à informação, riscos dos transgênicos). Contudo, os argumentos são superficiais e não são desenvolvidos com profundidade ou sustentados por evidências concretas.""}, {""competencia"": ""Competência 4: Demonstração de conhecimento dos mecanismos linguísticos necessários para a construção da argumentação."", ""pontuacao"": 160, ""justificativa"": ""O texto é coeso e coerente, com boa articulação entre os parágrafos e uso adequado de conectivos (\""Porém\"", \""Pois bem\"", \""Assim\""). A progressão temática é clara e fluida.""}, {""competencia"": ""Competência 5: Elaboração de proposta de intervenção para o problema abordado, respeitando os direitos humanos."", ""pontuacao"": 80, ""justificativa"": ""A 'proposta' é a sugestão ao senador para não aprovar o PL, o que é adequado ao gênero carta. No entanto, falta detalhamento sobre como essa não aprovação beneficiaria a sociedade de forma mais ampla, além de 'evitar transtornos'. Não há uma proposta de intervenção social complexa como a exigida no ENEM.""}], ""nota_estimada"": 640.0}"
A validade do impeachment,"É de conhecimento geral dos brasileiros o quão debilitado está o cenário político do país. Ex-presidente com mandado de prisão, deputados sendo investigados por corrupção, além de dívidas bilionárias da atual presidente. A junção destes fatos está causando revolta entre a maioria da população, que vai às ruas para pedir o Impeachment de Dilma. Mas existe base para a concretização deste fato?

Assim como ocorreu no início da década de 90 contra o governo de Collor, atualmente se tornou comum as manifestações contra a presidente. Semelhantes aos objetivos dos Caras Pintadas , milhões de pessoas se reúnem nas principais ruas das cidades e em vários estados do país. Apelando para serem vistos pelas autoridades, eles usam cartazes, faixas gigantescas, bandeiras do Brasil e camisetas verde e amarela . Porém, eles não podem agir em vão. Precisam ver na prática o exercício da democracia, prevalecendo a vontade geral. Suas vozes não poderão ser sufocadas por discursos que defendem a improcedência do Impeachment , configurando-o como golpe.

Além das manifestações populares, outro fato que consolida a validade da retirada da presidente é o resultado da atual investigação sobre corrupção em seu governo. A maioria dos investigados pertence ao PT (Partido dos Trabalhadores), inclusive o ex-presidente Lula, muito amigo da presidente Dilma, como se pôde observar nas conversas por telefone dos dois, divulgadas pelo juiz Sérgio Moro. Ela, tentando ajudá-lo a se livrar do juiz, tentou nomeá-lo como ministro , mas não obteve êxito. Diante de todos esses fatos, seria utopia pensar que Dilma, cercada de centenas de políticos acusados de superfaturamento em obras públicas, lavagem de dinheiro e sonegação fiscal, não estaria também envolvida em um destes crimes. Basta mais alguns meses de investigação para comprovar esta relação.

Tendo em vista o pedido de Impeachment e tomando como referência os argumentos apresentados no decorrer do texto, o Congresso precisa tomar uma providência. Já que estão lá para representar o povo, precisam votar a favor do processo, pois o primeiro passo é dado por eles. É necessário que a população não se limite a sair às ruas e bater panela em horários políticos, mas sim que procure a câmara dos deputados e proponha o Impeachment , pois abaixo assinados não possuem validade quando o assunto é esse. Por último, é válido que investigações minuciosas sejam feitas com os políticos e principalmente com a presidente, para averiguar as denúncias de corrupção e promover a transparência do governo, tão aguardada e esperada pelos brasileiros.","{""analise_geral"": ""A redação aborda o tema \""A validade do impeachment\"" de forma direta, defendendo a concretização do processo com base em manifestações populares e investigações de corrupção. A estrutura textual é clara, com introdução, desenvolvimento e conclusão. Contudo, a argumentação é excessivamente opinativa e assertiva, carecendo de maior distanciamento crítico e fundamentação jurídica. A linguagem, por vezes, é informal, e a proposta de intervenção é imprecisa e pouco detalhada, o que compromete a qualidade do texto dissertativo-argumentativo exigido pelo ENEM."", ""pontos_fortes"": [""Abordagem direta do tema proposto."", ""Estrutura textual organizada em introdução, desenvolvimento e conclusão."", ""Uso de exemplos históricos (Collor, Caras Pintadas) e fatos contemporâneos (Lula, Moro) para contextualizar a discussão."", ""Coerência na defesa da tese principal ao longo do texto.""], ""sugestoes_de_melhora"": [{""trecho_original"": ""É de conhecimento geral dos brasileiros o quão debilitado está o cenário político do país. Ex-presidente com mandado de prisão, deputados sendo investigados por corrupção, além de dívidas bilionárias da atual presidente. A junção destes fatos está causando revolta entre a maioria da população, que vai às ruas para pedir o Impeachment de Dilma. Mas existe base para a concretização deste fato?"", ""sugestao"": ""O cenário político brasileiro tem sido marcado por uma série de eventos que geram grande insatisfação popular, como investigações de corrupção envolvendo figuras proeminentes e questionamentos sobre a gestão econômica. Nesse contexto, a demanda por um processo de impeachment da presidente tem ganhado força. Contudo, é fundamental analisar se há fundamentos jurídicos e políticos sólidos para tal medida."", ""explicacao"": ""O início é muito informal e generalista. A menção a 'dívidas bilionárias da atual presidente' é vaga e pode ser interpretada como uma opinião sem base factual clara para um texto dissertativo-argumentativo. A sugestão busca uma linguagem mais formal, contextualiza melhor a insatisfação e introduz a questão central de forma mais analítica, sem tomar partido de imediato.""}, {""trecho_original"": ""Assim como ocorreu no início da década de 90 contra o governo de Collor, atualmente se tornou comum as manifestações contra a presidente. Semelhantes aos objetivos dos Caras Pintadas , milhões de pessoas se reúnem nas principais ruas das cidades e em vários estados do país. Apelando para serem vistos pelas autoridades, eles usam cartazes, faixas gigantescas, bandeiras do Brasil e camisetas verde e amarela . Porém, eles não podem agir em vão. Precisam ver na prática o exercício da democracia, prevalecendo a vontade geral. Suas vozes não poderão ser sufocadas por discursos que defendem a improcedência do Impeachment , configurando-o como golpe."", ""sugestao"": ""A exemplo do movimento dos 'Caras Pintadas' na década de 90, que culminou no impeachment de Fernando Collor, as manifestações populares contemporâneas têm mobilizado milhões de cidadãos em diversas cidades brasileiras. Esses movimentos, caracterizados pelo uso de símbolos nacionais e pela reivindicação de maior transparência e ética na política, buscam a concretização de seus anseios democráticos. É crucial que a legitimidade dessas vozes seja reconhecida e que o debate sobre o impeachment seja conduzido com base em preceitos constitucionais, evitando polarizações que o configurem meramente como um 'golpe'."", ""explicacao"": ""A linguagem é um pouco coloquial ('se tornou comum', 'apelando para serem vistos'). A frase 'Porém, eles não podem agir em vão...' é muito opinativa e menos argumentativa, parecendo um manifesto. A sugestão formaliza a linguagem, aprofunda a análise do papel das manifestações e contextualiza a questão do 'golpe' como parte do debate, sem endossar ou refutar a tese diretamente, mas sim analisando o cenário.""}, {""trecho_original"": ""A maioria dos investigados pertence ao PT (Partido dos Trabalhadores), inclusive o ex-presidente Lula, muito amigo da presidente Dilma, como se pôde observar nas conversas por telefone dos dois, divulgadas pelo juiz Sérgio Moro. Ela, tentando ajudá-lo a se livrar do juiz, tentou nomeá-lo como ministro , mas não obteve êxito. Diante de todos esses fatos, seria utopia pensar que Dilma, cercada de centenas de políticos acusados de superfaturamento em obras públicas, lavagem de dinheiro e sonegação fiscal, não estaria também envolvida em um destes crimes. Basta mais alguns meses de investigação para comprovar esta relação."", ""sugestao"": ""Adicionalmente às manifestações, as investigações sobre corrupção em esferas governamentais têm sido um fator relevante. A Operação Lava Jato, por exemplo, revelou esquemas envolvendo membros de diversos partidos, incluindo o Partido dos Trabalhadores. A tentativa de nomeação do ex-presidente Lula para um ministério, em meio a interceptações telefônicas divulgadas, gerou questionamentos sobre a intenção de protegê-lo de investigações judiciais. Embora a responsabilidade direta da presidente em ilícitos específicos seja objeto de apuração, a proximidade com figuras investigadas e as tentativas de interferência em processos judiciais alimentam a percepção de um ambiente de irregularidades que compromete a credibilidade do governo."", ""explicacao"": ""O trecho é muito assertivo e conclusivo ('seria utopia pensar que Dilma... não estaria também envolvida', 'Basta mais alguns meses de investigação para comprovar esta relação') sem apresentar provas concretas ou argumentos jurídicos que justifiquem o impeachment, o que é perigoso em um texto dissertativo-argumentativo. A sugestão busca uma abordagem mais cautelosa, focando nos 'questionamentos' e 'percepções' geradas pelos fatos, sem fazer acusações diretas ou prever resultados de investigações, o que é mais adequado para o ENEM.""}, {""trecho_original"": ""Tendo em vista o pedido de Impeachment e tomando como referência os argumentos apresentados no decorrer do texto, o Congresso precisa tomar uma providência. Já que estão lá para representar o povo, precisam votar a favor do processo, pois o primeiro passo é dado por eles. É necessário que a população não se limite a sair às ruas e bater panela em horários políticos, mas sim que procure a câmara dos deputados e proponha o Impeachment , pois abaixo assinados não possuem validade quando o assunto é esse. Por último, é válido que investigações minuciosas sejam feitas com os políticos e principalmente com a presidente, para averiguar as denúncias de corrupção e promover a transparência do governo, tão aguardada e esperada pelos brasileiros."", ""sugestao"": ""Diante do exposto, para que a questão do impeachment seja tratada com a seriedade que o contexto democrático exige, é imperativo que o Congresso Nacional, como representante da soberania popular, analise os pedidos com rigor técnico e jurídico, pautando-se na Constituição Federal. Além da mobilização popular, é fundamental que os cidadãos busquem canais formais de participação política, como o contato direto com seus representantes, para que suas demandas sejam institucionalizadas. Por fim, a continuidade e o aprofundamento das investigações sobre corrupção, com a devida responsabilização dos envolvidos, são essenciais para restaurar a confiança nas instituições e promover a transparência governamental, um anseio legítimo da sociedade brasileira."", ""explicacao"": ""A conclusão é muito diretiva e opinativa ('o Congresso precisa tomar uma providência', 'precisam votar a favor do processo'). A sugestão para a população 'propor o Impeachment' na câmara dos deputados é imprecisa e não reflete o processo formal. A sugestão busca uma linguagem mais formal e propostas mais alinhadas com a realidade política e jurídica, focando na necessidade de rigor técnico e jurídico do Congresso e na participação cidadã por canais formais, além de reforçar a importância das investigações e da transparência de forma mais neutra e propositiva.""}], ""avaliacoes_competencias"": [{""competencia"": ""Competência 1: Demonstrar domínio da modalidade escrita formal da língua portuguesa."", ""pontuacao"": 120, ""justificativa"": ""Apresenta alguns desvios gramaticais e de convenções da escrita (ex: 'mandado de prisão' por 'mandato de prisão' se referindo ao cargo, 'Impeachment' com maiúscula desnecessária, vírgulas em excesso ou falta, informalidade em alguns trechos). A linguagem é, por vezes, coloquial para um texto formal.""}, {""competencia"": ""Competência 2: Compreender a proposta de redação e aplicar conceitos das várias áreas de conhecimento para desenvolver o tema, dentro dos limites estruturais do texto dissertativo-argumentativo em prosa."", ""pontuacao"": 120, ""justificativa"": ""Aborda o tema, mas o repertório sociocultural é limitado e pouco aprofundado (menciona Collor, Caras Pintadas, Lula, Moro, mas sem explorar a complexidade jurídica ou histórica do impeachment). A argumentação se baseia mais em fatos noticiados do que em conceitos ou análises mais profundas.""}, {""competencia"": ""Competência 3: Selecionar, relacionar, organizar e interpretar informações, fatos, opiniões e argumentos em defesa de um ponto de vista."", ""pontuacao"": 120, ""justificativa"": ""O projeto de texto é perceptível (introdução, desenvolvimento, conclusão), e os argumentos são organizados para defender a tese. No entanto, a argumentação é excessivamente opinativa e assertiva, carecendo de maior fundamentação e distanciamento crítico, o que compromete a construção de uma defesa sólida e imparcial.""}, {""competencia"": ""Competência 4: Demonstrar conhecimento dos mecanismos linguísticos necessários para a construção da argumentação."", ""pontuacao"": 160, ""justificativa"": ""O texto apresenta boa articulação entre as partes e os parágrafos, com uso de conectivos ('Assim como', 'Além das manifestações', 'Tendo em vista'). As ideias são encadeadas de forma lógica, embora a profundidade da argumentação possa ser melhorada.""}, {""competencia"": ""Competência 5: Elaborar proposta de intervenção para o problema abordado, respeitando os direitos humanos."", ""pontuacao"": 80, ""justificativa"": ""A proposta de intervenção é vaga e pouco detalhada. As ações sugeridas para o Congresso ('votar a favor') e para a população ('propor o Impeachment') são imprecisas ou não refletem o processo formal. Faltam agentes claros, meios e detalhamento das ações para serem consideradas eficazes e concretas.""}], ""nota_estimada"": 600.0}"
Podemos perceber que a sociedade brasileira,"Podemos perceber que a sociedade brasileira enfrenta um grave problema no que diz respeito a valorização do professor, visto que países com IDH (índice de desenvolvimento humano) elevado atribuem grande importância a esse tipo de profissional. É necessário que o docente seja valorizado

Frequentemente professores, especialmente de escolas públicas, são agredidos dentro de seu ambiente de trabalho. Segundo a OCDE (Organização para Cooperação e Desenvolvimento Econômico), a República Federativa do Brasil atingiu a marca de 12.5% no que se refere a violência contra o magistério maior porcentagem do mundo.

Desde o século VIII, mais precisamente na sociedade romana, a figura do docente revela-se extremamente importante. Patrícios solicitavam que seus filhos fossem educados pelos gregos antigos. Convém lembrar ainda que países com o maior número de prêmios Nobel, como Estados Unidos e Reino Unido, consideram o professor peça fundamental de seus sistemas educacionais.

Desse modo, é necessário que o governo proporcione valorização ao professor fornecendo maiores subsídios salariais bem como, um canal de fácil acesso para um feedback de como está o processo educacional; a mídia também deve promover campanhas de conscientização sobre a importância do docente e a sociedade deve participar ativamente sobre o desenvolvimento de um determinado cidadão atentando-se ao que o magistério tem a dizer.","{""analise_geral"": ""A redação aborda o tema da valorização do professor de forma consistente, apresentando uma tese clara e argumentos bem fundamentados com dados e referências históricas e comparativas. A estrutura dissertativo-argumentativa é respeitada, e a proposta de intervenção é completa e detalhada. Há, no entanto, algumas oportunidades de melhoria na fluidez textual e na precisão da linguagem."", ""pontos_fortes"": [""Uso de dados concretos (OCDE) para embasar a argumentação."", ""Contextualização histórica (Roma Antiga) e comparação com países desenvolvidos (EUA, Reino Unido, IDH elevado)."", ""Proposta de intervenção completa, com múltiplos agentes, ações e detalhamentos."", ""Coerência e coesão textual adequadas."", ""Domínio do tema proposto.""], ""sugestoes_de_melhora"": [{""trecho_original"": ""Podemos perceber que a sociedade brasileira enfrenta um grave problema no que diz respeito a valorização do professor, visto que países com IDH (índice de desenvolvimento humano) elevado atribuem grande importância a esse tipo de profissional. É necessário que o docente seja valorizado"", ""sugestao"": ""A sociedade brasileira enfrenta um grave problema no que diz respeito à valorização do professor, um contraste evidente quando se observa que países com elevado Índice de Desenvolvimento Humano (IDH) atribuem grande importância a esse profissional."", ""explicacao"": ""A frase \""Podemos perceber que\"" é clichê e enfraquece o início. A repetição \""É necessário que o docente seja valorizado\"" é redundante. A sugestão torna a introdução mais direta e concisa, eliminando a repetição e melhorando a fluidez.""}, {""trecho_original"": ""a República Federativa do Brasil atingiu a marca de 12.5% no que se refere a violência contra o magistério maior porcentagem do mundo."", ""sugestao"": ""a República Federativa do Brasil atingiu a marca de 12,5% no que se refere à violência contra o magistério, configurando a maior porcentagem do mundo."", ""explicacao"": ""Adicionar a crase em \""à violência\"" e usar \""configurando a\"" ou \""sendo a\"" melhora a construção da frase, tornando-a mais gramaticalmente correta e fluida. A vírgula antes de \""configurando\"" também é importante.""}, {""trecho_original"": ""bem como, um canal de fácil acesso para um feedback de como está o processo educacional;"", ""sugestao"": ""bem como um canal de fácil acesso para feedback sobre o processo educacional;"", ""explicacao"": ""A vírgula após \""bem como\"" é desnecessária. \""Um feedback de como está\"" pode ser simplificado para \""feedback sobre\"", tornando a frase mais concisa e natural.""}, {""trecho_original"": ""a sociedade deve participar ativamente sobre o desenvolvimento de um determinado cidadão atentando-se ao que o magistério tem a dizer."", ""sugestao"": ""e a sociedade deve participar ativamente do desenvolvimento de cada cidadão, atentando-se às orientações do magistério."", ""explicacao"": ""A preposição \""sobre\"" pode ser substituída por \""do\"" para melhor regência. \""Um determinado cidadão\"" pode ser mais geral, como \""cada cidadão\"". \""Atentando-se ao que o magistério tem a dizer\"" pode ser mais formal e conciso como \""atentando-se às orientações do magistério\"".""}], ""avaliacoes_competencias"": [{""competencia"": ""Domínio da norma padrão da língua escrita"", ""pontuacao"": 160, ""justificativa"": ""Apresenta bom domínio da norma padrão, com poucas inadequações gramaticais e de pontuação, como a ausência de crase e vírgulas desnecessárias.""}, {""competencia"": ""Compreensão da proposta de redação e aplicação de conceitos das várias áreas do conhecimento para desenvolver o tema, dentro dos limites estruturais do texto dissertativo-argumentativo."", ""pontuacao"": 200, ""justificativa"": ""Compreendeu integralmente a proposta de redação, desenvolvendo o tema de forma completa e utilizando repertório sociocultural pertinente e produtivo (IDH, OCDE, Roma Antiga, países com Nobel).""}, {""competencia"": ""Selecionar, relacionar, organizar e interpretar informações, fatos, opiniões e argumentos em defesa de um ponto de vista."", ""pontuacao"": 200, ""justificativa"": ""Selecionou, relacionou e organizou informações, fatos e argumentos de forma consistente em defesa de seu ponto de vista, demonstrando um projeto de texto estratégico.""}, {""competencia"": ""Demonstração de conhecimento dos mecanismos linguísticos necessários para a construção da argumentação."", ""pontuacao"": 160, ""justificativa"": ""Utilizou mecanismos linguísticos necessários para a construção da argumentação de forma satisfatória, com uso adequado de conectivos, mas com algumas repetições e construções que poderiam ser mais fluidas.""}, {""competencia"": ""Elaboração de proposta de intervenção que respeite os direitos humanos, articulando cinco elementos: agente, ação, meio/modo, efeito e detalhamento."", ""pontuacao"": 200, ""justificativa"": ""Elaborou uma proposta de intervenção completa, com múltiplos agentes (governo, mídia, sociedade), ações claras, detalhamentos e que respeita os direitos humanos.""}], ""nota_estimada"": 920.0}"
Comenta-se que o ex-presidente Lula,"Comenta-se que o ex presidente Lula ex-presidente Lula, no ano de 2016, após a decisão do Supremo Tribunal da Justiça Federal, foi condenado a à segunda instância e foi diante a sua acusação do lava jato de Lava Jato. Ainda mais que vários réus infratores de penalidade penalidades graves devem manter na prisão.

Em primeiro lugar lugar, com 726 mil presos, no o Brasil tem terceira maior população carcerária do mundo, isto é a gravidade de lotações no qual muitas vezes não possuem infraestrutura adequada para receber os condenados.

Além disso disso, o desembargador desembargador, após analisar a sentença, em seguida quando manter mantiver o detido, tornando a cadeia uma escola do crime isso é dificulta o processo de ressocialização dos criminosos.

Por fim fim, conforme o livro A politica ""Política"", de Aristósteles Aristóteles, acredita que a democracia e ética do ser humano e a felicidade do ser além disso quando aflige a lei da justiça deve cumprir sobre os seu atos.

Mediante a sintaxe, o Ministério Público Federal deve implantar apoio com o ao governo Jair Bolsonaro Bolsonaro, apoio à prisão em segunda instância julgar se condenados devem cumprir pena na prisão ou podem aguardar em liberdade enquanto recorrem aos tribunais superiores assim sendo horas depois o julgamento.","{""analise_geral"": ""A redação apresenta graves deficiências em todas as competências avaliadas pelo ENEM. A linguagem é severamente comprometida por inúmeros erros gramaticais, sintáticos, ortográficos e de pontuação, além de repetições excessivas, o que dificulta a compreensão. A estrutura argumentativa é frágil, com ideias mal conectadas e pouco desenvolvidas. Embora tente abordar o tema e incluir informações externas, esses elementos são mal utilizados ou apresentados de forma incoerente. A proposta de intervenção na conclusão é vaga e gramaticalmente ininteligível."", ""pontos_fortes"": [""Apresenta uma tentativa de abordar o tema proposto, mesmo que de forma limitada e com problemas."", ""Tenta incluir dados estatísticos (população carcerária) e uma referência filosófica (Aristóteles), apesar da má integração."", ""O texto segue uma estrutura básica de introdução, desenvolvimento e conclusão, ainda que precariamente executada.""], ""sugestoes_de_melhora"": [{""trecho_original"": ""Comenta-se que o ex presidente Lula ex-presidente Lula, no ano de 2016, após a decisão do Supremo Tribunal da Justiça Federal, foi condenado a à segunda instância e foi diante a sua acusação do lava jato de Lava Jato. Ainda mais que vários réus infratores de penalidade penalidades graves devem manter na prisão."", ""sugestao"": ""Em 2016, o ex-presidente Lula foi condenado em segunda instância após acusações relacionadas à Operação Lava Jato. Este caso levanta o debate sobre a necessidade de que réus condenados por crimes graves cumpram suas penas, especialmente em segunda instância."", ""explicacao"": ""Elimina repetições excessivas, corrige a sintaxe e a concordância, e reformula a frase para maior clareza e formalidade, introduzindo o tema de forma mais objetiva e concisa.""}, {""trecho_original"": ""Em primeiro lugar lugar, com 726 mil presos, no o Brasil tem terceira maior população carcerária do mundo, isto é a gravidade de lotações no qual muitas vezes não possuem infraestrutura adequada para receber os condenados."", ""sugestao"": ""Em primeiro lugar, com mais de 726 mil presos, o Brasil possui a terceira maior população carcerária do mundo. Essa realidade evidencia a grave superlotação e a falta de infraestrutura adequada nos presídios, comprometendo a dignidade dos condenados."", ""explicacao"": ""Corrige repetições, adiciona artigos faltantes, melhora a concordância e refina a construção da frase para maior fluidez e formalidade, tornando o argumento mais claro.""}, {""trecho_original"": ""Além disso disso, o desembargador desembargador, após analisar a sentença, em seguida quando manter mantiver o detido, tornando a cadeia uma escola do crime isso é dificulta o processo de ressocialização dos criminosos."", ""sugestao"": ""Ademais, a morosidade ou a forma como as decisões judiciais são aplicadas, como a manutenção de detidos em condições precárias, pode transformar as prisões em 'escolas do crime', dificultando a ressocialização dos indivíduos."", ""explicacao"": ""Elimina repetições, corrige a sintaxe confusa e reformula a ideia de forma mais clara e concisa, focando no impacto das condições prisionais na ressocialização e na aplicação das decisões judiciais.""}, {""trecho_original"": ""Por fim fim, conforme o livro A politica \""Política\"", de Aristósteles Aristóteles, acredita que a democracia e ética do ser humano e a felicidade do ser além disso quando aflige a lei da justiça deve cumprir sobre os seu atos."", ""sugestao"": ""Por fim, a filosofia de Aristóteles, em sua obra 'Política', defende que a justiça é um pilar fundamental para a ética e a felicidade humana em uma democracia. Assim, a transgressão das leis deve acarretar o cumprimento das devidas sanções, garantindo a ordem social."", ""explicacao"": ""Corrige repetições, a grafia do nome e do título da obra, e a sintaxe completamente quebrada. A sugestão tenta dar sentido à referência filosófica, conectando-a à ideia de justiça e cumprimento da lei de forma coerente.""}, {""trecho_original"": ""Mediante a sintaxe, o Ministério Público Federal deve implantar apoio com o ao governo Jair Bolsonaro Bolsonaro, apoio à prisão em segunda instância julgar se condenados devem cumprir pena na prisão ou podem aguardar em liberdade enquanto recorrem aos tribunais superiores assim sendo horas depois o julgamento."", ""sugestao"": ""Diante do exposto, é imperativo que o Ministério Público Federal, em colaboração com as instâncias governamentais, promova um debate aprofundado sobre a aplicação da prisão em segunda instância. É fundamental que se estabeleçam critérios claros para definir se os condenados devem cumprir pena imediatamente ou aguardar em liberdade os recursos em tribunais superiores, visando aprimorar a justiça e a segurança jurídica."", ""explicacao"": ""Corrige a expressão inicial inadequada, elimina repetições e reestrutura completamente a frase, que era um período longo e confuso. A sugestão cria uma proposta de intervenção mais clara, formal e articulada, focando no debate e na definição de critérios, sem mencionar figuras políticas específicas de forma inadequada.""}], ""avaliacoes_competencias"": [{""competencia"": ""Competência 1: Demonstrar domínio da modalidade escrita formal da língua portuguesa."", ""pontuacao"": 40, ""justificativa"": ""O texto apresenta inúmeros desvios gramaticais, sintáticos, ortográficos e de pontuação, além de problemas de escolha lexical e repetições excessivas de palavras, comprometendo gravemente a clareza e a formalidade da escrita.""}, {""competencia"": ""Competência 2: Compreender a proposta de redação e aplicar conceitos das várias áreas do conhecimento para desenvolver o tema, dentro dos limites estruturais do texto dissertativo-argumentativo em prosa."", ""pontuacao"": 40, ""justificativa"": ""Embora o texto tente abordar o tema, a abordagem é superficial e mais descritiva do que argumentativa. Os conceitos de outras áreas do conhecimento (dados sobre prisões, Aristóteles) são apresentados de forma desarticulada ou com erros, sem contribuir efetivamente para o desenvolvimento do tema. A estrutura dissertativo-argumentativa é precária.""}, {""competencia"": ""Competência 3: Selecionar, relacionar, organizar e interpretar informações, fatos, opiniões e argumentos em defesa de um ponto de vista."", ""pontuacao"": 40, ""justificativa"": ""A seleção e organização das informações são deficientes. Os argumentos são confusos, mal desenvolvidos e não se conectam de forma lógica para defender um ponto de vista claro. Há dificuldade em estabelecer relações entre as ideias apresentadas.""}, {""competencia"": ""Competência 4: Demonstrar conhecimento dos mecanismos linguísticos necessários para a construção da argumentação."", ""pontuacao"": 40, ""justificativa"": ""O texto falha na utilização de conectivos e elementos coesivos, resultando em frases desconexas e parágrafos sem fluidez. A repetição de palavras e a construção sintática inadequada prejudicam a progressão textual e a articulação das ideias.""}, {""competencia"": ""Competência 5: Elaborar proposta de intervenção que respeite os direitos humanos, articulada ao tema."", ""pontuacao"": 40, ""justificativa"": ""A proposta de intervenção é extremamente vaga, confusa e gramaticalmente incorreta, tornando-a incompreensível. Embora tente abordar o tema, a falta de clareza e de detalhamento impede que seja considerada uma proposta eficaz e bem articulada.""}], ""nota_estimada"": 200.0}"
Procura-se tolerância,"É notório como notícias envolvendo o homossexualismo inflam as redes sociais e polarizam opiniões. O mais recente exemplo disso foi o novo projeto de lei que defere a terapia para o tratamento de transtornos de orientação sexual. Entre os principais aspectos aflorados pela sociedade pós-projeto há a liberdade de escolha e o possível fortalecimento da homofobia.

Primeiro, parte da população demoniza essa terapia, caracterizando-a como desumana e um retrocesso ao nazismo. No entanto, deve-se salientar que tal tratamento, apesar de não ratificada sua eficácia, tem como público heterossexuais, homossexuais ou bissexuais que estejam insatisfeitos, dúbios ou sofrem com sua orientação. Ademais, em parte dos casos, abuso e estupro na infância e na adolescência tem como origem do transtorno desses indivíduos. Logo, esse público, por livre arbítrio e cientes da não garantia de resultados, possuem direitos de buscar uma solução ou compreensão de seus desejos sem haver constrangimento ou censura.

Em segunda análise , há aqueles que predizem o aumento da violência contra os homossexuais após a suposta cura. Porém, são notícias sensacionalistas e falaciosas nas redes sociais e em alguns jornais que espalham a ideia de que o Legislativo está tratando o homossexualismo como patologia, o que não pode ser confirmado na litura do projeto. Além disso, apenas o Brasil, Equador e Malta vetam esse tipo de terapia, todavia, mesmo assim, o primeiro é líder em homicídios de pessoas LGBT, de acordo com o Grupo Gay da Bahia. Dessa forma, o que precisa ser combatido é a intolerância e violência contra as minorias, não a censura. .

Sendo assim, é de suma importância a placidez da sociedade para lidar com o tema e buscar pela informação em sua origem. Ademais, cabe aos poderes Legislativo, Executivo e Judiciário a garantia da liberdade científica em consonância com os direitos humanos para que a terapia não seja utilizada coercitivamente em crianças e adolescentes que são elucidadas sobre seu ser. Destarte, a sociedade deve compreender o sentido intrínseco ao homem da sua orientação sexual para que haja respeito, mas há fatores externos e internos que podem interferir, o que, nessas situações, também deve haver consideração social ao desejo de mudança. .","{""analise_geral"": ""A redação aborda o tema \""Procura-se tolerância\"" focando no debate sobre a \""terapia para o tratamento de transtornos de orientação sexual\"". Embora tente apresentar diferentes perspectivas, o texto se inclina para a defesa dessa prática controversa, utilizando uma interpretação enviesada do conceito de tolerância. A argumentação é comprometida por informações cientificamente incorretas, como a ligação entre trauma e orientação sexual, e por falácias lógicas. O uso de terminologia desatualizada e a proposta de intervenção que legitima a terapia de reorientação sexual são pontos críticos que afetam a qualidade geral da redação."", ""pontos_fortes"": [""Apresenta uma estrutura textual clara com introdução, desenvolvimento e conclusão."", ""Utiliza conectivos e elementos coesivos que contribuem para a progressão temática e a articulação das ideias entre os parágrafos."", ""Tenta abordar diferentes aspectos do tema, como a liberdade de escolha e o fortalecimento da homofobia, mesmo que de forma enviesada.""], ""sugestoes_de_melhora"": [{""trecho_original"": ""É notório como notícias envolvendo o homossexualismo inflam as redes sociais e polarizam opiniões."", ""sugestao"": ""É notório como notícias envolvendo a homossexualidade inflam as redes sociais e polarizam opiniões."", ""explicacao"": ""O termo \""homossexualismo\"" é considerado pejorativo e patologizante. A forma correta e respeitosa é \""homossexualidade\"".""}, {""trecho_original"": ""O mais recente exemplo disso foi o novo projeto de lei que defere a terapia para o tratamento de transtornos de orientação sexual."", ""sugestao"": ""O mais recente exemplo disso foi o novo projeto de lei que propõe a terapia de reorientação sexual, prática controversa e não reconhecida por conselhos de saúde."", ""explicacao"": ""A expressão \""transtornos de orientação sexual\"" não é reconhecida pela Organização Mundial da Saúde (OMS) nem por conselhos de psicologia e medicina. É crucial contextualizar a natureza controversa e não científica dessa \""terapia\"".""}, {""trecho_original"": ""Ademais, em parte dos casos, abuso e estupro na infância e na adolescência tem como origem do transtorno desses indivíduos."", ""sugestao"": ""Ademais, é importante ressaltar que a orientação sexual não é um transtorno e não possui relação causal com experiências de abuso ou estupro na infância e adolescência, conforme consenso científico e de entidades de saúde."", ""explicacao"": ""Esta afirmação é cientificamente incorreta e reforça estigmas. A orientação sexual não é um transtorno e não é causada por traumas. Corrigir isso é fundamental para a validade do argumento.""}, {""trecho_original"": ""Porém, são notícias sensacionalistas e falaciosas nas redes sociais e em alguns jornais que espalham a ideia de que o Legislativo está tratando o homossexualismo como patologia, o que não pode ser confirmado na litura do projeto."", ""sugestao"": ""Porém, é fundamental analisar criticamente a linguagem utilizada, pois a própria proposição de uma 'terapia para transtornos de orientação sexual' pode, implicitamente, patologizar a homossexualidade, mesmo que o projeto não o declare explicitamente."", ""explicacao"": ""A defesa de uma \""terapia\"" para \""transtornos de orientação sexual\"" implica uma visão patológica, mesmo que o texto do projeto não use a palavra \""patologia\"" diretamente. A redação deve demonstrar uma compreensão mais aprofundada dessa implicação.""}, {""trecho_original"": ""Além disso, apenas o Brasil, Equador e Malta vetam esse tipo de terapia, todavia, mesmo assim, o primeiro é líder em homicídios de pessoas LGBT, de acordo com o Grupo Gay da Bahia. Dessa forma, o que precisa ser combatido é a intolerância e violência contra as minorias, não a censura. ."", ""sugestao"": ""Além disso, embora o Brasil seja, de fato, líder em homicídios de pessoas LGBT, de acordo com o Grupo Gay da Bahia, a proibição de terapias de reorientação sexual visa proteger a saúde mental e a dignidade desses indivíduos, não sendo uma forma de censura, mas sim uma medida de saúde pública contra práticas consideradas ineficazes e prejudiciais. O combate à intolerância e à violência é uma luta paralela e complementar."", ""explicacao"": ""A argumentação original estabelece uma falsa equivalência e uma falácia lógica. A proibição de terapias de reorientação sexual não é \""censura\"" e não está diretamente ligada à taxa de homicídios LGBT como causa ou solução. A proibição visa proteger contra danos. É importante separar as questões e explicar o real propósito da proibição.""}, {""trecho_original"": ""Destarte, a sociedade deve compreender o sentido intrínseco ao homem da sua orientação sexual para que haja respeito, mas há fatores externos e internos que podem interferir, o que, nessas situações, também deve haver consideração social ao desejo de mudança. ."", ""sugestao"": ""Destarte, a sociedade deve compreender e respeitar a diversidade das orientações sexuais como parte intrínseca da identidade humana. É crucial, contudo, distinguir o respeito à identidade de cada indivíduo da promoção de práticas que visam 'mudar' a orientação sexual, as quais são amplamente condenadas por profissionais da saúde por seus potenciais danos."", ""explicacao"": ""A frase original é contraditória e ambígua. Ela começa com uma ideia de respeito à orientação sexual intrínseca, mas termina legitimando o \""desejo de mudança\"" por \""fatores externos e internos\"", o que vai contra o consenso científico e pode ser interpretado como uma defesa velada da terapia de reorientação. A sugestão busca clarear a posição, focando no respeito à diversidade e na crítica às terapias de mudança.""}], ""avaliacoes_competencias"": [{""competencia"": ""Competência 1: Demonstrar domínio da modalidade escrita formal da língua portuguesa."", ""pontuacao"": 120, ""justificativa"": ""O texto apresenta um bom domínio da estrutura sintática e da pontuação. No entanto, há alguns desvios gramaticais e de convenção da escrita, como o uso de \""homossexualismo\"" em vez de \""homossexualidade\"", a falta de vírgula em algumas orações subordinadas e a repetição de ponto final no final de parágrafos.""}, {""competencia"": ""Competência 2: Compreender a proposta de redação e aplicar conceitos das várias áreas do conhecimento para desenvolver o tema, dentro dos limites estruturais do texto dissertativo-argumentativo em prosa."", ""pontuacao"": 80, ""justificativa"": ""O texto compreende o tema \""Procura-se tolerância\"" ao abordá-lo sob a ótica do debate sobre terapias de reorientação sexual. No entanto, a abordagem é superficial e problemática, utilizando um repertório sociocultural limitado e, em alguns pontos, cientificamente incorreto (e.g., a ligação entre trauma e orientação sexual como \""transtorno\""). A interpretação da \""tolerância\"" é enviesada, defendendo uma prática controversa em vez de promover a aceitação da diversidade, o que demonstra uma compreensão tangencial do tema em sua complexidade e um uso inadequado de informações.""}, {""competencia"": ""Competência 3: Selecionar, relacionar, organizar e interpretar informações, fatos, opiniões e argumentos em defesa de um ponto de vista."", ""pontuacao"": 80, ""justificativa"": ""A redação tenta construir uma argumentação, mas a defesa do ponto de vista é comprometida por premissas falhas e informações equivocadas. A relação entre a proibição da terapia e a violência contra LGBT é uma falácia lógica. A argumentação sobre \""liberdade de escolha\"" é construída sobre a base de uma patologização implícita da homossexualidade. Há uma dificuldade em selecionar e interpretar informações de forma crítica e coerente com o tema proposto e com o conhecimento científico atual.""}, {""competencia"": ""Competência 4: Demonstrar conhecimento dos mecanismos linguísticos necessários para a construção da argumentação."", ""pontuacao"": 160, ""justificativa"": ""O texto utiliza uma variedade de conectivos e elementos coesivos (\""Primeiro\"", \""No entanto\"", \""Ademais\"", \""Logo\"", \""Em segunda análise\"", \""Porém\"", \""Além disso\"", \""Dessa forma\"", \""Sendo assim\"", \""Destarte\"") que contribuem para a progressão temática e a articulação das ideias. A estrutura dos parágrafos é geralmente clara, facilitando a leitura e a compreensão.""}, {""competencia"": ""Competência 5: Elaborar proposta de intervenção para o problema abordado, respeitando os direitos humanos."", ""pontuacao"": 80, ""justificativa"": ""A proposta de intervenção é apresentada no último parágrafo, envolvendo os poderes Legislativo, Executivo e Judiciário e a sociedade. No entanto, a proposta é problemática, pois defende a \""garantia da liberdade científica\"" para a terapia de reorientação sexual, mesmo com a ressalva de não ser coercitiva para crianças e adolescentes. Essa defesa de uma prática amplamente condenada por violar direitos humanos e causar danos psicológicos graves vai contra o princípio do respeito aos direitos humanos, que é um critério fundamental para esta competência.""}], ""nota_estimada"": 520.0}"
Terapia de Reversão da Orientação Sexual (3),"É de conhecimento geral que a homossexualidade é um comportamento aprendizado, um padrão duradouro de organização do desejo sexual.

Atualmente, observa-se que vivemos em uma sociedade onde há algumas pessoas que não respeitam os homossexuais. Segundo o juiz federal autorizou a realizar a chamada “terapia de reversão da orientação sexual”, o qual se diz “cura gay”, os psicólogos tiveram que vê que não existe um tipo de tratamento e que não é uma doença e sim, um tipo de atração física, emocional e espiritual por outras pessoas do mesmo sexo.

Quando se fala em cura gay nota-se um tipo de doença mais na verdade não é, ao nascer você ao longo da sua trajetória o indivíduo deve escolher qual caminho deve-se seguir, e não que esse tipo de “enfermidade” já venha de si próprio, o que acontece muitas vezes e não saber respeitar e amar o próximo como a si mesmo.



Dessa forma, conclui-se que não existe uma cura gay , e que devem existir pessoas que possam respeitar e abraçar essa causa, para que as pessoas possam ser feliz do jeito que é , pois você é livre para fazer suas escolhas independente de qual seja ela.","{""analise_geral"": ""O texto aborda o tema da \""Terapia de Reversão da Orientação Sexual\"" com a intenção de refutar a ideia de que a homossexualidade seja uma doença ou uma escolha. Contudo, a redação apresenta sérios problemas conceituais, iniciando com a premissa equivocada de que a homossexualidade é um \""comportamento aprendizado\"" e, posteriormente, contradizendo-se ao sugerir que é uma \""escolha\"" individual. Essa falta de clareza e a inconsistência argumentativa comprometem a credibilidade do texto. Além disso, a redação possui inúmeros desvios gramaticais, problemas de coesão e coerência, e uma proposta de intervenção genérica e pouco desenvolvida."", ""pontos_fortes"": [""Demonstra a intenção de abordar um tema relevante e polêmico."", ""Menciona um fato pertinente sobre a autorização judicial da \""terapia de reversão\"" e a posição dos psicólogos, embora de forma confusa.""], ""sugestoes_de_melhora"": [{""trecho_original"": ""É de conhecimento geral que a homossexualidade é um comportamento aprendizado, um padrão duradouro de organização do desejo sexual."", ""sugestao"": ""A homossexualidade é uma das diversas orientações sexuais humanas, caracterizada por um padrão duradouro de atração afetiva, emocional e/ou sexual por pessoas do mesmo sexo. A ciência contemporânea a reconhece como uma variação natural da sexualidade humana, não um comportamento aprendido ou uma escolha."", ""explicacao"": ""O trecho original apresenta uma premissa equivocada ao afirmar que a homossexualidade é um 'comportamento aprendizado'. A ciência e a psicologia modernas refutam essa ideia, reconhecendo a homossexualidade como uma orientação sexual natural e não uma escolha ou doença. A correção visa alinhar o texto com o conhecimento científico atual, fundamental para a credibilidade da argumentação.""}, {""trecho_original"": ""Segundo o juiz federal autorizou a realizar a chamada “terapia de reversão da orientação sexual”, o qual se diz “cura gay”, os psicólogos tiveram que vê que não existe um tipo de tratamento e que não é uma doença e sim, um tipo de atração física, emocional e espiritual por outras pessoas do mesmo sexo."", ""sugestao"": ""Em um contexto de debates sobre a chamada 'terapia de reversão da orientação sexual', popularmente conhecida como 'cura gay', é crucial destacar que, embora um juiz federal tenha autorizado sua prática em determinado momento, o Conselho Federal de Psicologia e a comunidade científica reiteram que a homossexualidade não é uma doença e, portanto, não necessita de tratamento. Ela é, na verdade, uma forma legítima de atração afetiva, emocional e sexual por pessoas do mesmo sexo."", ""explicacao"": ""A frase original é confusa e apresenta erros de concordância ('o qual se diz', 'tiveram que vê'). A sugestão melhora a clareza, a coesão e a correção gramatical, além de contextualizar melhor a informação sobre a decisão judicial e a posição dos psicólogos, usando um repertório mais formal e preciso.""}, {""trecho_original"": ""Quando se fala em cura gay nota-se um tipo de doença mais na verdade não é, ao nascer você ao longo da sua trajetória o indivíduo deve escolher qual caminho deve-se seguir, e não que esse tipo de “enfermidade” já venha de si próprio, o que acontece muitas vezes e não saber respeitar e amar o próximo como a si mesmo."", ""sugestao"": ""A ideia de 'cura gay' pressupõe erroneamente que a homossexualidade seja uma doença. Contudo, a orientação sexual não é uma escolha individual feita ao longo da vida, nem uma 'enfermidade' adquirida. Pelo contrário, é uma característica inerente ao indivíduo. O verdadeiro problema reside na falta de respeito e na intolerância para com o próximo, independentemente de sua orientação sexual."", ""explicacao"": ""Este parágrafo contém uma contradição grave ao afirmar que a orientação sexual é uma 'escolha' ('o indivíduo deve escolher qual caminho deve-se seguir'), o que vai contra a premissa de que não é uma doença e não precisa de cura. Além disso, há erros gramaticais ('mais na verdade'). A sugestão corrige a premissa equivocada, melhora a clareza e a coesão, e elimina os erros gramaticais, focando na intolerância como o problema central.""}, {""trecho_original"": ""Dessa forma, conclui-se que não existe uma cura gay , e que devem existir pessoas que possam respeitar e abraçar essa causa, para que as pessoas possam ser feliz do jeito que é , pois você é livre para fazer suas escolhas independente de qual seja ela."", ""sugestao"": ""Portanto, é imperativo reconhecer que a 'cura gay' é um conceito infundado, pois a homossexualidade não é uma condição a ser curada. É fundamental que a sociedade promova o respeito e a aceitação plena das diversas orientações sexuais, garantindo que todos os indivíduos possam viver suas identidades livremente e com dignidade, sem serem coagidos a 'escolher' ou mudar quem são."", ""explicacao"": ""A conclusão original reitera a ideia problemática de 'escolha' e apresenta erros de concordância ('ser feliz'). A sugestão reforça a inexistência da 'cura gay' de forma mais assertiva, elimina a ideia de 'escolha' da orientação sexual, corrige os erros gramaticais e propõe uma intervenção mais clara e alinhada com os direitos humanos, focando na promoção do respeito e da dignidade.""}], ""avaliacoes_competencias"": [{""competencia"": ""Competência 1 (Demonstrar domínio da modalidade escrita formal da língua portuguesa)"", ""pontuacao"": 40, ""justificativa"": ""O texto apresenta múltiplos desvios gramaticais, como problemas de concordância verbal e nominal ('tiveram que vê', 'ser feliz'), uso inadequado de conectivos ('mais' em vez de 'mas'), pontuação imprecisa e construção frasal confusa, que comprometem a clareza e a formalidade da linguagem.""}, {""competencia"": ""Competência 2 (Compreender a proposta de redação e aplicar conceitos das várias áreas do conhecimento para desenvolver o tema, dentro dos limites estruturais do texto dissertativo-argumentativo)"", ""pontuacao"": 40, ""justificativa"": ""Embora o texto aborde o tema, há uma compreensão superficial e equivocada da homossexualidade, descrita incorretamente como 'comportamento aprendizado' e 'escolha'. Isso demonstra um repertório sociocultural limitado e impreciso, que não se alinha com o conhecimento científico e social aceito sobre o tema.""}, {""competencia"": ""Competência 3 (Selecionar, relacionar, organizar e interpretar informações, fatos, opiniões e argumentos em defesa de um ponto de vista)"", ""pontuacao"": 40, ""justificativa"": ""A argumentação é inconsistente e contraditória. O ponto de vista contra a 'cura gay' é minado por afirmações que sugerem a homossexualidade como uma escolha. As informações são apresentadas de forma desorganizada e sem aprofundamento, dificultando a defesa de uma tese clara e coerente.""}, {""competencia"": ""Competência 4 (Demonstrar conhecimento dos mecanismos linguísticos necessários para a construção da argumentação)"", ""pontuacao"": 40, ""justificativa"": ""O texto carece de mecanismos coesivos e coerentes eficazes. Há repetições, frases longas e mal estruturadas, e o uso inadequado de conectivos, o que prejudica a fluidez e a progressão das ideias, tornando a leitura confusa.""}, {""competencia"": ""Competência 5 (Elaborar proposta de intervenção para o problema abordado, respeitando os direitos humanos)"", ""pontuacao"": 40, ""justificativa"": ""A proposta de intervenção é extremamente vaga e genérica ('respeitar e abraçar essa causa', 'ser livre para fazer suas escolhas'). Não especifica agentes, ações, meios ou efeitos, e a menção à 'escolha' da orientação sexual contradiz os direitos humanos ao sugerir que a identidade sexual é maleável.""}], ""nota_estimada"": 200.0}"
Remédio para a falta de responsabilidade,"Os resultados das urnas nas últimas eleições no Brasil, em 2018, demonstraram o desejo dos brasileiros de renovar os partidos políticos que representarão as vozes do povo e, o motivo principal dessa mudança foi a enorme insatisfação com os resultados derivados da corrupção e do trabalho pífio exercido pelos eleitos nos últimos anos. Apesar de a população ter se mostrado capaz de acordar e reagir contra o descaso dos governantes, não apresentam argumentos coerentes, pois, a grande maioria votou sem conhecer as bases filosóficas das doutrinas sociais daqueles que estavam apoiando, convencidos somente pelo resgate de valores tradicionais da família brasileira ou por oposição à hegemonia partidária.

A falta de preparo e a presença de atitudes duvidosas - como preconceitos declarados e improbidades - de muitos políticos não chega a ser um defeito para os eleitores, pois a busca pela mudança através da oposição se tornou mais importante do que conhecimento e integridade moral dos candidatos. Essas atitudes presentes nas massas são parte do que constitui hoje em dia o “jeitinho brasileiro” que prefere arriscar e posteriormente remediar a se esforçar para buscar fontes para se informar e se conscientizar sobre a real necessidade de um país em construção econômica.

O resultado das eleições reflete diretamente a necessidade de implementar um sistema educacional que incentive a reflexão e conscientização social, crie cidadãos antes de preparar estudantes para vestibulares e intercâmbios, ofereça o caminho do meio em vez de extremos e ensine seus alunos a serem pessoas responsáveis por suas atitudes e escolhas, principalmente aquelas que influenciam a vida de toda a sociedade.

É possível concluir que a capacidade de mudança vem antes de tudo do conhecimento e por isso a educação é tão importante para combater atitudes radicais que beneficiam poucos e prejudicam muitos. Quando há conhecimento e entendimento da história de todos os lados não sobra espaço para unilateralismo ou atitudes irresponsáveis. Viver em sociedade implica em agir consciente de que uma ação afeta a muitos e todos possuem responsabilidade sobre a situação atual do país.","{""analise_geral"": ""A redação aborda o tema de forma pertinente, conectando a falta de responsabilidade dos eleitores brasileiros, evidenciada nas eleições de 2018, à superficialidade na escolha de candidatos e à priorização da oposição em detrimento do conhecimento. A proposta de intervenção, centrada na educação, é clara e bem desenvolvida. O texto apresenta uma estrutura argumentativa lógica, mas poderia aprimorar a fluidez e a correção gramatical em alguns trechos para garantir maior clareza e formalidade."", ""pontos_fortes"": [""Abordagem clara e direta do tema proposto."", ""Conexão com um evento político recente e relevante (eleições de 2018)."", ""Proposta de intervenção bem definida e pertinente, focada na educação."", ""Uso de conceitos como o \""jeitinho brasileiro\"" para fundamentar a argumentação."", ""Estrutura dissertativo-argumentativa bem organizada, com introdução, desenvolvimento e conclusão.""], ""sugestoes_de_melhora"": [{""trecho_original"": ""Os resultados das urnas nas últimas eleições no Brasil, em 2018, demonstraram o desejo dos brasileiros de renovar os partidos políticos que representarão as vozes do povo e, o motivo principal dessa mudança foi a enorme insatisfação com os resultados derivados da corrupção e do trabalho pífio exercido pelos eleitos nos últimos anos. Apesar de a população ter se mostrado capaz de acordar e reagir contra o descaso dos governantes, não apresentam argumentos coerentes, pois, a grande maioria votou sem conhecer as bases filosóficas das doutrinas sociais daqueles que estavam apoiando, convencidos somente pelo resgate de valores tradicionais da família brasileira ou por oposição à hegemonia partidária."", ""sugestao"": ""Os resultados das urnas nas últimas eleições no Brasil, em 2018, demonstraram o desejo dos brasileiros de renovar os partidos políticos que representariam as vozes do povo. O motivo principal dessa mudança foi a enorme insatisfação com os resultados derivados da corrupção e do trabalho pífio exercido pelos eleitos nos últimos anos. Apesar de a população ter se mostrado capaz de acordar e reagir contra o descaso dos governantes, muitos eleitores não apresentaram argumentos coerentes, pois a grande maioria votou sem conhecer as bases filosóficas das doutrinas sociais daqueles que estavam apoiando, convencidos somente pelo resgate de valores tradicionais da família brasileira ou por oposição à hegemonia partidária."", ""explicacao"": ""Correção da concordância verbal de 'representarão' para 'representariam' (futuro do pretérito, indicando uma expectativa) e de 'não apresentam' para 'não apresentaram' (passado, referindo-se ao contexto das eleições). A vírgula antes de 'e, o motivo' é desnecessária e a frase foi reestruturada para maior clareza. A expressão 'não apresentam argumentos coerentes' foi tornada mais específica com 'muitos eleitores não apresentaram'.""}, {""trecho_original"": ""A falta de preparo e a presença de atitudes duvidosas - como preconceitos declarados e improbidades - de muitos políticos não chega a ser um defeito para os eleitores, pois a busca pela mudança através da oposição se tornou mais importante do que conhecimento e integridade moral dos candidatos."", ""sugestao"": ""A falta de preparo e a presença de atitudes duvidosas - como preconceitos declarados e improbidades - de muitos políticos não chegam a ser um impedimento para os eleitores, pois a busca pela mudança através da oposição se tornou mais importante do que o conhecimento e a integridade moral dos candidatos."", ""explicacao"": ""A concordância verbal de 'não chega a ser' deve ser 'não chegam a ser', pois o sujeito é composto ('A falta de preparo e a presença de atitudes duvidosas'). 'Defeito' pode ser substituído por 'impedimento' para maior precisão semântica. A adição dos artigos 'o' e 'a' antes de 'conhecimento' e 'integridade' melhora a fluidez da leitura.""}, {""trecho_original"": ""Essas atitudes presentes nas massas são parte do que constitui hoje em dia o “jeitinho brasileiro” que prefere arriscar e posteriormente remediar a se esforçar para buscar fontes para se informar e se conscientizar sobre a real necessidade de um país em construção econômica."", ""sugestao"": ""Essas atitudes presentes nas massas são parte do que constitui hoje o 'jeitinho brasileiro', que prefere arriscar e posteriormente remediar a se esforçar para buscar fontes e se informar e conscientizar sobre as reais necessidades de um país em construção econômica."", ""explicacao"": ""Remoção de 'em dia' para concisão. Adição de vírgula antes de 'que' para introduzir uma oração explicativa. A construção 'para se informar e se conscientizar' pode ser simplificada para 'e se informar e conscientizar'. 'A real necessidade' foi alterada para 'as reais necessidades' para concordar com a ideia de múltiplas demandas de um país.""}, {""trecho_original"": ""É possível concluir que a capacidade de mudança vem antes de tudo do conhecimento e por isso a educação é tão importante para combater atitudes radicais que beneficiam poucos e prejudicam muitos. Quando há conhecimento e entendimento da história de todos os lados não sobra espaço para unilateralismo ou atitudes irresponsáveis. Viver em sociedade implica em agir consciente de que uma ação afeta a muitos e todos possuem responsabilidade sobre a situação atual do país."", ""sugestao"": ""É possível concluir que a capacidade de mudança vem, antes de tudo, do conhecimento, e por isso a educação é tão importante para combater atitudes radicais que beneficiam poucos e prejudicam muitos. Quando há conhecimento e entendimento da história de todos os lados, não sobra espaço para unilateralismo ou atitudes irresponsáveis. Viver em sociedade implica agir consciente de que uma ação afeta a muitos e que todos possuem responsabilidade sobre a situação atual do país."", ""explicacao"": ""Adição de vírgulas para isolar a expressão adverbial 'antes de tudo'. A vírgula após 'todos os lados' melhora a clareza. A regência do verbo 'implicar' é direta, portanto, 'implica agir' em vez de 'implica em agir'. Adição de 'que' antes de 'todos possuem' para manter o paralelismo e a clareza da oração subordinada.""}], ""avaliacoes_competencias"": [{""competencia"": ""Competência 1: Demonstrar domínio da modalidade escrita formal da língua portuguesa."", ""pontuacao"": 120, ""justificativa"": ""Apresenta alguns desvios gramaticais e de convenções da escrita formal, como problemas de concordância verbal e nominal, regência e pontuação, que comprometem a fluidez e a clareza em alguns momentos. Há necessidade de revisão para maior precisão linguística.""}, {""competencia"": ""Competência 2: Compreender a proposta de redação e aplicar conceitos das várias áreas do conhecimento para desenvolver o tema, dentro dos limites estruturais do texto dissertativo-argumentativo em prosa."", ""pontuacao"": 160, ""justificativa"": ""O texto compreende bem a proposta, abordando a 'falta de responsabilidade' dos eleitores e propondo a educação como solução. Utiliza o contexto das eleições de 2018 e o conceito de 'jeitinho brasileiro' de forma pertinente. A estrutura dissertativo-argumentativa é respeitada.""}, {""competencia"": ""Competência 3: Selecionar, relacionar, organizar e interpretar informações, fatos, opiniões e argumentos em defesa de um ponto de vista."", ""pontuacao"": 160, ""justificativa"": ""O texto apresenta um ponto de vista claro sobre a irresponsabilidade eleitoral e a necessidade de educação. Os argumentos são bem relacionados, partindo da observação das eleições, passando pela crítica ao comportamento eleitoral e culminando na proposta de uma educação transformadora. Há uma progressão lógica na defesa da tese.""}, {""competencia"": ""Competência 4: Demonstrar conhecimento dos mecanismos linguísticos necessários para a construção da argumentação."", ""pontuacao"": 120, ""justificativa"": ""O texto utiliza conectivos e elementos coesivos ('Apesar de', 'pois', 'Essas atitudes', 'O resultado', 'É possível concluir', 'Quando há') para articular as partes do texto. No entanto, há momentos em que a coesão poderia ser mais fluida ou a escolha de conectivos mais precisa, e a repetição de algumas estruturas pode ser evitada.""}, {""competencia"": ""Competência 5: Elaborar proposta de intervenção para o problema abordado, respeitando os direitos humanos."", ""pontuacao"": 160, ""justificativa"": ""A proposta de intervenção é clara e detalhada: a implementação de um sistema educacional que incentive a reflexão e conscientização social, crie cidadãos e ensine responsabilidade. A proposta é pertinente ao problema, bem elaborada e respeita os direitos humanos.""}], ""nota_estimada"": 720.0}"
Direitos humanos para quem?,"Há alguns meses atrás , ocorreu um evento que ainda hoje gera polêmicas: o assassinato da vereadora Marielle Franco do PSOL, que defendia os direitos das pessoas de comunidades carentes cariocas. Na visão de muitas pessoas, a mesma defendia “bandidos” e, por esse motivo, recebeu o que merecia. Isso fez com que a população se indagasse. Afinal, a quem os direitos humanos protegem?

A priori, os direitos humanos são os direitos comuns a todos os seres humanos, tais como o direito à vida, à moradia, à liberdade, entre muitos outros. Entretanto, em um país em que a desigualdade somada à falta de cumprimento de regras afloram , é difícil que os mesmos cheguem à todas as pessoas, o que gera um desânimo na população sobre tais direitos, que também protegem os criminosos. Nesse contexto, as pessoas apenas vêem esses direitos auxiliando infratores, que se aproveitam deles para praticar crimes.

Os direitos humanos, ao contrário da opinião de muitos brasileiros, não servem para proteger criminosos; eles apenas garantem que os criminosos tenham direito à defesa e o direito de ser julgado de acordo com a gravidade de seu delito. Os péssimos sistemas judiciário e penal brasileiros é que fazem com que, muitas vezes, os infratores não paguem por seus crimes. Portanto, a afirmação de que esses direitos só se apliquem aos criminosos é digna de questionamento.

O Brasil precisa começar a funcionar para que todos os cidadãos possam desfrutar de seus direitos, e esse caminho será grande e cheio de obstáculos visto que a corrupção parece não ter fim. São as pessoas que mudam o seu país, e em um ano de eleições é necessário que o brasileiro volte a ter um pouco de fé e realmente escolha um candidato realmente honesto e que resolva, mesmo que de forma lenta, os problemas do país.","{""analise_geral"": ""A redação aborda o tema \""Direitos humanos para quem?\"" de forma pertinente, utilizando um evento atual (o assassinato de Marielle Franco) para contextualizar a discussão. O autor consegue desmistificar a percepção comum de que os direitos humanos protegem criminosos, explicando seu verdadeiro papel e atribuindo as falhas aos sistemas judiciário e penal brasileiros. A argumentação é coerente e bem estruturada, com uma progressão lógica das ideias. Contudo, a proposta de intervenção na conclusão é genérica e carece de maior detalhamento. Há também alguns desvios gramaticais e de convenção da escrita que podem ser aprimorados."", ""pontos_fortes"": [""Contextualização inicial com um evento atual e relevante (assassinato de Marielle Franco)."", ""Clareza na apresentação do problema e da questão central."", ""Argumentação bem desenvolvida que desmistifica a ideia de que direitos humanos protegem criminosos, explicando seu verdadeiro papel."", ""Identificação dos sistemas judiciário e penal como falhos, contribuindo para a percepção negativa dos direitos humanos."", ""Linguagem formal e tom adequado ao gênero dissertativo-argumentativo.""], ""sugestoes_de_melhora"": [{""trecho_original"": ""Há alguns meses atrás , ocorreu um evento que ainda hoje gera polêmicas"", ""sugestao"": ""Há alguns meses, ocorreu um evento que ainda hoje gera polêmicas"", ""explicacao"": ""A expressão \""há... atrás\"" é redundante, pois \""há\"" (do verbo haver no sentido de tempo decorrido) já indica passado.""}, {""trecho_original"": ""Na visão de muitas pessoas, a mesma defendia “bandidos”"", ""sugestao"": ""Na visão de muitas pessoas, ela defendia “bandidos”"", ""explicacao"": ""O pronome demonstrativo \""a mesma\"" não deve ser usado como pronome pessoal para se referir a pessoas.""}, {""trecho_original"": ""é difícil que os mesmos cheguem à todas as pessoas"", ""sugestao"": ""é difícil que eles cheguem a todas as pessoas"", ""explicacao"": ""\""Os mesmos\"" não deve ser usado como pronome pessoal. Além disso, não há crase antes de \""todas\"" (pronome indefinido feminino plural).""}, {""trecho_original"": ""as pessoas apenas vêem esses direitos auxiliando infratores"", ""sugestao"": ""as pessoas apenas veem esses direitos auxiliando infratores"", ""explicacao"": ""De acordo com a nova ortografia, o \""e\"" duplicado em verbos como \""ver\"", \""ler\"", \""crer\"" e \""dar\"" não recebe mais acento circunflexo na terceira pessoa do plural.""}, {""trecho_original"": ""Os péssimos sistemas judiciário e penal brasileiros é que fazem com que, muitas vezes, os infratores não paguem por seus crimes."", ""sugestao"": ""São os péssimos sistemas judiciário e penal brasileiros que fazem com que, muitas vezes, os infratores não paguem por seus crimes."", ""explicacao"": ""Há uma inadequação na concordância verbal. O sujeito \""Os péssimos sistemas judiciário e penal brasileiros\"" é plural, portanto, o verbo de ligação deveria ser \""são\"" (São os sistemas que fazem) ou a frase deveria ser reestruturada para manter a concordância.""}, {""trecho_original"": ""realmente escolha um candidato realmente honesto"", ""sugestao"": ""escolha um candidato verdadeiramente honesto"", ""explicacao"": ""Evitar a repetição excessiva de advérbios como \""realmente\"" para manter a fluidez e a riqueza lexical do texto.""}], ""avaliacoes_competencias"": [{""competencia"": ""Competência 1"", ""pontuacao"": 120, ""justificativa"": ""O texto apresenta alguns desvios gramaticais e de convenção da escrita, como a redundância \""há... atrás\"", o uso inadequado de \""a mesma\"" e \""os mesmos\"" como pronomes pessoais, erro de crase (\""à todas\""), e um erro de concordância verbal (\""sistemas... é que fazem\""). A ausência de acento em \""veem\"" também é um desvio. No entanto, a estrutura frasal é geralmente clara e a maioria das palavras é usada corretamente.""}, {""competencia"": ""Competência 2"", ""pontuacao"": 160, ""justificativa"": ""O tema foi compreendido em sua totalidade, e o autor utilizou um repertório sociocultural pertinente (assassinato de Marielle Franco) para iniciar a discussão. O texto desenvolve a tese de forma consistente, abordando a percepção popular dos direitos humanos e desmistificando-a.""}, {""competencia"": ""Competência 3"", ""pontuacao"": 160, ""justificativa"": ""O texto apresenta um projeto de texto estratégico, com introdução, desenvolvimento e conclusão. Os argumentos são bem articulados, partindo da contextualização, passando pela definição e desmistificação dos direitos humanos, e culminando na crítica aos sistemas judiciário e penal. Há uma progressão lógica das ideias em defesa do ponto de vista.""}, {""competencia"": ""Competência 4"", ""pontuacao"": 120, ""justificativa"": ""O texto utiliza conectivos e elementos coesivos (\""A priori\"", \""Entretanto\"", \""Nesse contexto\"", \""Ao contrário da opinião de muitos brasileiros\"", \""Portanto\"", \""visto que\"") que garantem a articulação entre os parágrafos e as ideias. No entanto, a repetição de \""realmente\"" e a falta de maior variedade de conectivos em algumas passagens podem ser aprimoradas. A progressão temática é clara, mas a coesão poderia ser mais sofisticada.""}, {""competencia"": ""Competência 5"", ""pontuacao"": 80, ""justificativa"": ""A proposta de intervenção, embora presente, é genérica e pouco detalhada. Ela sugere que \""o Brasil precisa começar a funcionar\"" e que \""o brasileiro volte a ter um pouco de fé e realmente escolha um candidato realmente honesto\"". Faltam agentes sociais específicos, ações concretas, meios para a execução e um detalhamento dos efeitos esperados, além de não abordar diretamente a questão dos direitos humanos de forma mais aprofundada na solução.""}], ""nota_estimada"": 640.0}"
"Amazonas, um bem de todos nós","Amazonas, sem ela ele os dias do brasil Brasil estão contados, o presidente jair bolsonaro, devia contados. O presidente Jair Bolsonaro deveria estar fazendo algo para-lhe para mostrar para nos nós, brasileiros, mais eu na verdade mas eu, na verdade, acho ele deve estar brincando com a as nossas caras.

Mas e ele nao Mas ele não sente o ar pesado de poluição e desmatamento, à amazonas ela desmatamento. O Amazonas é importante para uma parte do planeta, ou melhor ela melhor, ele gera oxigênio limpo e puro e puro. Mas, com esse incêndio, muitos estados de outros países vizinhos estão sofrendo com a umidade relativa do ar, à amazonas Amazonas e bem da sociedade que se importa com a natureza e também com o planeta, mais mas uma coisa é certa logo esse incêndio ira irá ser controlado e apagado para a felicidade da nacionalidade brasileira...","{""analise_geral"": ""A redação apresenta graves deficiências em todas as competências avaliadas pelo ENEM. A linguagem é excessivamente informal, com inúmeros erros gramaticais, ortográficos e de pontuação que comprometem a clareza e a compreensão do texto. A argumentação é simplista, repetitiva e carece de profundidade, não desenvolvendo uma tese clara nem apresentando argumentos bem fundamentados. A estrutura textual é desorganizada, e o texto falha em manter a coerência e a coesão. Além disso, não há uma proposta de intervenção clara e detalhada."", ""pontos_fortes"": [""Abordagem do tema proposto, demonstrando preocupação com a questão ambiental do Amazonas.""], ""sugestoes_de_melhora"": [{""trecho_original"": ""Amazonas, sem ela ele os dias do brasil Brasil estão contados, o presidente jair bolsonaro, devia contados. O presidente Jair Bolsonaro deveria estar fazendo algo para-lhe para mostrar para nos nós, brasileiros, mais eu na verdade mas eu, na verdade, acho ele deve estar brincando com a as nossas caras."", ""sugestao"": ""Sem a Amazônia, os dias do Brasil estão contados. O presidente Jair Bolsonaro deveria estar agindo para nos mostrar, brasileiros, que se importa, mas, na verdade, acho que ele está zombando de nós."", ""explicacao"": ""Correção de concordância (\""ela ele\"" para \""a Amazônia\""), ortografia (\""brasil\"" para \""Brasil\"", \""jair bolsonaro\"" para \""Jair Bolsonaro\""), pontuação (vírgulas e ponto final), regência verbal (\""fazer algo para-lhe\"" para \""agir para nos mostrar\""), pronomes (\""nos\"" em vez de \""nos nós\""), e clareza da expressão (\""brincando com as nossas caras\"" para \""zombando de nós\""). A repetição de \""contados\"" foi corrigida.""}, {""trecho_original"": ""Mas e ele nao Mas ele não sente o ar pesado de poluição e desmatamento, à amazonas ela desmatamento. O Amazonas é importante para uma parte do planeta, ou melhor ela melhor, ele gera oxigênio limpo e puro e puro. Mas, com esse incêndio, muitos estados de outros países vizinhos estão sofrendo com a umidade relativa do ar, à amazonas Amazonas e bem da sociedade que se importa com a natureza e também com o planeta, mais mas uma coisa é certa logo esse incêndio ira irá ser controlado e apagado para a felicidade da nacionalidade brasileira..."", ""sugestao"": ""Ele, porém, não parece sentir o ar pesado de poluição e desmatamento. A Amazônia é vital para o planeta, pois gera oxigênio limpo e puro. Com os incêndios, muitos estados e países vizinhos estão sofrendo com a baixa umidade relativa do ar. A Amazônia é um bem da sociedade que se importa com a natureza e com o planeta. Contudo, uma coisa é certa: logo esse incêndio será controlado e apagado para a felicidade da nação brasileira."", ""explicacao"": ""Correção de pontuação, uso de conectivos (\""Mas e ele nao\"" para \""Ele, porém,\""), concordância (\""à amazonas ela\"" para \""A Amazônia\""), repetição (\""puro e puro\""), ortografia (\""ira\"" para \""irá\"", \""nacionalidade\"" para \""nação\""), e clareza da frase. A repetição de \""desmatamento\"" foi corrigida.""}], ""avaliacoes_competencias"": [{""competencia"": ""Competência 1 (Domínio da norma padrão)"", ""pontuacao"": 40, ""justificativa"": ""O texto apresenta inúmeros desvios gramaticais, como erros de concordância verbal e nominal (\""ela ele os dias\"", \""à amazonas ela\""), ortografia (\""brasil\"", \""jair bolsonaro\"", \""nos nós\"", \""ira\""), pontuação inadequada (uso excessivo de vírgulas, falta de pontos finais), e problemas de regência (\""fazer algo para-lhe\""). A linguagem é excessivamente informal e não se adequa à modalidade escrita formal.""}, {""competencia"": ""Competência 2 (Compreensão da proposta de redação e aplicação de conceitos das áreas do conhecimento)"", ""pontuacao"": 40, ""justificativa"": ""O texto tenta abordar o tema \""Amazonas, um bem de todos nós\"", mas o faz de maneira muito superficial. Não há repertório sociocultural produtivo, apenas menções genéricas à importância da Amazônia para o oxigênio e a poluição/desmatamento. A argumentação é simplista e não demonstra compreensão aprofundada da complexidade do tema.""}, {""competencia"": ""Competência 3 (Seleção, relação, organização e interpretação de informações, fatos, opiniões e argumentos)"", ""pontuacao"": 40, ""justificativa"": ""A organização das ideias é caótica. Não há uma tese clara nem um desenvolvimento argumentativo consistente. As frases são soltas e as ideias não se conectam de forma lógica. Há repetições de ideias e palavras, e a progressão temática é mínima, dificultando a compreensão do ponto de vista do autor.""}, {""competencia"": ""Competência 4 (Demonstração de conhecimento dos mecanismos linguísticos necessários para a construção da argumentação)"", ""pontuacao"": 40, ""justificativa"": ""A coesão e a coerência textuais são severamente comprometidas. Há uso inadequado de conectivos (\""mais eu na verdade mas eu\"", \""Mas e ele nao\""), repetição de termos e ideias, e problemas de referenciação pronominal. A falta de articulação entre as frases e parágrafos impede a construção de um texto fluido e compreensível.""}, {""competencia"": ""Competência 5 (Elaboração de proposta de intervenção)"", ""pontuacao"": 0, ""justificativa"": ""O texto não apresenta nenhuma proposta de intervenção para o problema abordado. A frase final \""uma coisa é certa logo esse incêndio ira irá ser controlado e apagado para a felicidade da nacionalidade brasileira\"" não constitui uma proposta de intervenção, mas sim uma expectativa vaga, sem agentes, ações, meios ou finalidade.""}], ""nota_estimada"": 160.0}"
Geração Eu,"Eu sou jovem, mas não faço parte da ""geração eu"". Por quê? A minha crença de que não sou a pessoa mais importante do mundo é baseada no fato de que ninguém faz nada sozinho, direta ou indiretamente.

Todos podemos ter uma certa medida de autonomia, ou seja, podemos, em outras palavras, ""nos virar sozinhos"", mas se agora escrevo estas palavras na tela do meu computador é porque um grupo de pessoas fez e trouxe antes todos os dispositivos que agora uso. Nada disso foi feito por mim e precisei dessas pessoas, mesmo que de forma indireta.

A sociedade é formada por pessoas. Quando se pensa em si ignorando que mais pessoas estão à sua volta faz com que trabalhos e projetos importantes fiquem parados por conta dos conflitos gerados. Como já dito, nada se faz sozinho.

Não sou da ""geração eu"", pois tomo as minhas decisões como indivíduo, sabendo que os meus direitos terminam quando a do outro começa .","{""analise_geral"": ""A redação aborda o tema \""Geração Eu\"" de forma direta, posicionando-se contra o individualismo excessivo e defendendo a ideia de interdependência. O texto é coerente em sua argumentação principal, mas é extremamente conciso e carece de profundidade e desenvolvimento. Não há uso de repertório sociocultural, a argumentação é repetitiva e não há uma proposta de intervenção, elementos cruciais para uma boa avaliação no ENEM. A linguagem é simples e clara, mas poderia ser mais elaborada e formal."", ""pontos_fortes"": [""Clareza na defesa do ponto de vista contra o individualismo."", ""Coerência na argumentação sobre a interdependência humana."", ""Linguagem direta e de fácil compreensão.""], ""sugestoes_de_melhora"": [{""trecho_original"": ""Eu sou jovem, mas não faço parte da \""geração eu\"". Por quê? A minha crença de que não sou a pessoa mais importante do mundo é baseada no fato de que ninguém faz nada sozinho, direta ou indiretamente."", ""sugestao"": ""Embora eu seja jovem, não me identifico com a chamada \""geração eu\"". Minha convicção de que a individualidade não se sobrepõe à coletividade fundamenta-se na premissa de que nenhuma conquista humana é solitária, seja direta ou indiretamente."", ""explicacao"": ""Aprimora a formalidade e a fluidez da introdução, substituindo a pergunta retórica por uma afirmação mais direta e utilizando vocabulário mais adequado ao gênero dissertativo-argumentativo.""}, {""trecho_original"": ""Todos podemos ter uma certa medida de autonomia, ou seja, podemos, em outras palavras, \""nos virar sozinhos\"", mas se agora escrevo estas palavras na tela do meu computador é porque um grupo de pessoas fez e trouxe antes todos os dispositivos que agora uso. Nada disso foi feito por mim e precisei dessas pessoas, mesmo que de forma indireta."", ""sugestao"": ""É inegável que possuímos uma parcela de autonomia individual; contudo, a capacidade de \""nos virarmos sozinhos\"" é sempre contextualizada por uma rede de colaboração. Por exemplo, o simples ato de redigir este texto em um computador é possível graças ao trabalho coletivo de inúmeros indivíduos que desenvolveram e disponibilizaram a tecnologia que utilizo, evidenciando uma dependência indireta, mas fundamental."", ""explicacao"": ""Desenvolve o exemplo de forma mais elaborada, conectando-o melhor à ideia de interdependência e evitando a repetição de \""em outras palavras\"". Adiciona complexidade à frase.""}, {""trecho_original"": ""A sociedade é formada por pessoas. Quando se pensa em si ignorando que mais pessoas estão à sua volta faz com que trabalhos e projetos importantes fiquem parados por conta dos conflitos gerados. Como já dito, nada se faz sozinho."", ""sugestao"": ""A estrutura social, por sua natureza, é intrinsecamente coletiva. A prevalência do egocentrismo, que desconsidera a presença e a importância do outro, frequentemente culmina na estagnação de iniciativas e projetos cruciais, em virtude dos conflitos e da falta de cooperação que tal mentalidade gera. Reitera-se, portanto, que a realização de grandes feitos é invariavelmente um esforço conjunto."", ""explicacao"": ""Eleva o nível do vocabulário e da construção frasal, tornando o argumento mais robusto e menos repetitivo. Substitui \""faz com que\"" por uma construção mais formal.""}, {""trecho_original"": ""Não sou da \""geração eu\"", pois tomo as minhas decisões como indivíduo, sabendo que os meus direitos terminam quando a do outro começa ."", ""sugestao"": ""Assim, reafirmo meu distanciamento da \""geração eu\"", pautando minhas ações individuais na consciência de que a liberdade e os direitos de um indivíduo encontram seu limite no início dos direitos do outro, princípio basilar para a convivência harmoniosa em sociedade."", ""explicacao"": ""Transforma a conclusão em uma reafirmação mais formal e adiciona uma reflexão sobre a importância do princípio para a convivência social, enriquecendo o fechamento do texto.""}], ""avaliacoes_competencias"": [{""competencia"": ""Competência 1: Demonstrar domínio da modalidade escrita formal da língua portuguesa."", ""pontuacao"": 120, ""justificativa"": ""O texto apresenta domínio razoável da norma culta, com poucos desvios gramaticais ou de pontuação. No entanto, a linguagem é bastante simples e direta, carecendo de maior sofisticação vocabular e de estruturas sintáticas mais complexas, o que limita a pontuação máxima nesta competência.""}, {""competencia"": ""Competência 2: Compreender a proposta de redação e aplicar conceitos das várias áreas de conhecimento para desenvolver o tema, dentro dos limites estruturais do texto dissertativo-argumentativo."", ""pontuacao"": 80, ""justificativa"": ""O autor compreende o tema \""Geração Eu\"" e defende um ponto de vista claro. Contudo, o desenvolvimento é superficial, não explorando as causas, consequências ou nuances do individualismo de forma aprofundada. Não há uso de repertório sociocultural produtivo (dados, citações, referências históricas/filosóficas) para embasar a argumentação, o que é fundamental para uma alta pontuação.""}, {""competencia"": ""Competência 3: Selecionar, relacionar, organizar e interpretar informações, fatos, opiniões e argumentos em defesa de um ponto de vista."", ""pontuacao"": 80, ""justificativa"": ""O texto apresenta um ponto de vista consistente e argumentos que o sustentam (interdependência, impacto do individualismo na sociedade). No entanto, esses argumentos são pouco desenvolvidos e repetitivos (\""nada se faz sozinho\""). A falta de exemplos concretos, dados ou análises mais elaboradas impede que a argumentação atinja um nível de complexidade e persuasão maior.""}, {""competencia"": ""Competência 4: Demonstrar conhecimento dos mecanismos linguísticos necessários para a construção da argumentação."", ""pontuacao"": 80, ""justificativa"": ""O texto utiliza alguns elementos coesivos (\""mas\"", \""ou seja\"", \""quando\"", \""pois\"") que garantem a articulação básica entre as ideias e parágrafos. A coerência é mantida ao longo do texto. Contudo, a progressão textual é limitada pela brevidade e pela simplicidade da estrutura, e a variedade de conectivos e recursos coesivos é restrita, o que impede uma pontuação mais elevada.""}, {""competencia"": ""Competência 5: Elaborar proposta de intervenção para o problema abordado, respeitando os direitos humanos."", ""pontuacao"": 0, ""justificativa"": ""O texto não apresenta uma proposta de intervenção para o problema do individualismo excessivo. A conclusão apenas reafirma o ponto de vista do autor e menciona a questão dos direitos, sem propor ações concretas, agentes, meios ou finalidades para mitigar a questão abordada.""}], ""nota_estimada"": 360.0}"
